{
    "Bob": {
        "life": 2,
        "position_enemy_x": 60.0,
        "position_enemy_y": 0.0,
        "position_enemy_z": 0.6009407043457031,
        "position_x": 60.0,
        "position_y": 0.0,
        "position_z": 2.7211287021636963,
        "score": 5,
        "yaw": 90.0
    },
    "Anna": {
        "life": 4,
        "position_enemy_x": 60.0,
        "position_enemy_y": 0.0,
        "position_enemy_z": 0.6009407043457031,
        "position_x": 60.0,
        "position_y": 0.0,
        "position_z": 2.7211287021636963,
        "score": 0,
        "yaw": 90.0
    }
}
